pdf_url,eo_name
https://www.govinfo.gov/content/pkg/FR-2025-09-10/pdf/2025-17509.pdf,EO14348
https://www.govinfo.gov/content/pkg/FR-2025-05-08/pdf/2025-08266.pdf,EO14292
https://www.govinfo.gov/content/pkg/FR-2025-04-28/pdf/2025-07368.pdf,EO14277
https://www.govinfo.gov/content/pkg/FR-2025-04-28/pdf/2025-07369.pdf,EO14278
https://www.govinfo.gov/content/pkg/FR-2025-04-28/pdf/2025-07378.pdf,EO14281
https://www.govinfo.gov/content/pkg/FR-2025-04-28/pdf/2025-07379.pdf,EO14282
https://www.govinfo.gov/content/pkg/FR-2025-04-28/pdf/2025-07380.pdf,EO14283
https://www.govinfo.gov/content/pkg/FR-2025-04-03/pdf/2025-05908.pdf,EO14255
https://www.govinfo.gov/content/pkg/FR-2025-04-18/pdf/2025-06835.pdf,EO14271
https://www.govinfo.gov/content/pkg/FR-2025-04-18/pdf/2025-06836.pdf,EO14272
https://www.govinfo.gov/content/pkg/FR-2025-07-28/pdf/2025-14217.pdf,EO14319
https://www.govinfo.gov/content/pkg/FR-2025-07-28/pdf/2025-14218.pdf,EO14320
https://www.govinfo.gov/content/pkg/FR-2025-07-29/pdf/2025-14391.pdf,EO14321
https://www.govinfo.gov/content/pkg/FR-2025-07-03/pdf/2025-12506.pdf,EO14312
https://www.govinfo.gov/content/pkg/FR-2025-07-09/pdf/2025-12774.pdf,EO14313
https://www.govinfo.gov/content/pkg/FR-2025-07-09/pdf/2025-12775.pdf,EO14314
https://www.govinfo.gov/content/pkg/FR-2025-08-19/pdf/2025-15824.pdf,EO14337
https://www.govinfo.gov/content/pkg/FR-2025-08-08/pdf/2025-15193.pdf,EO14328
https://www.govinfo.gov/content/pkg/FR-2025-08-06/pdf/2025-14999.pdf,EO14325
https://www.govinfo.gov/content/pkg/FR-2025-08-06/pdf/2025-15010.pdf,EO14326
https://www.govinfo.gov/content/pkg/FR-2025-08-06/pdf/2025-15011.pdf,EO14327
https://www.govinfo.gov/content/pkg/FR-2025-08-19/pdf/2025-15822.pdf,EO14335
https://www.govinfo.gov/content/pkg/FR-2025-01-30/pdf/2025-02010.pdf,EO14162
https://www.govinfo.gov/content/pkg/FR-2025-01-30/pdf/2025-02012.pdf,EO14164
https://www.govinfo.gov/content/pkg/FR-2025-01-30/pdf/2025-02015.pdf,EO14165
https://www.govinfo.gov/content/pkg/FR-2025-01-30/pdf/2025-02089.pdf,EO14167
https://www.govinfo.gov/content/pkg/FR-2025-01-30/pdf/2025-02090.pdf,EO14168
https://www.govinfo.gov/content/pkg/FR-2025-02-03/pdf/2025-02232.pdf,EO14190
https://www.govinfo.gov/content/pkg/FR-2025-02-03/pdf/2025-02233.pdf,EO14191
https://www.govinfo.gov/content/pkg/FR-2025-01-31/pdf/2025-02097.pdf,EO14173
https://www.govinfo.gov/content/pkg/FR-2025-01-31/pdf/2025-02098.pdf,EO14174
https://www.govinfo.gov/content/pkg/FR-2025-01-31/pdf/2025-02121.pdf,EO14177
https://www.govinfo.gov/content/pkg/FR-2025-01-31/pdf/2025-02172.pdf,EO14179
https://www.govinfo.gov/content/pkg/FR-2025-01-28/pdf/2025-01902.pdf,EO14149
https://www.govinfo.gov/content/pkg/FR-2025-01-29/pdf/2025-01953.pdf,EO14151
https://www.govinfo.gov/content/pkg/FR-2025-01-29/pdf/2025-01955.pdf,EO14153
https://www.govinfo.gov/content/pkg/FR-2025-01-29/pdf/2025-02003.pdf,EO14156
https://www.govinfo.gov/content/pkg/FR-2025-01-29/pdf/2025-02007.pdf,EO14160
https://www.govinfo.gov/content/pkg/FR-2025-07-10/pdf/2025-12962.pdf,EO14316
https://www.govinfo.gov/content/pkg/FR-2025-04-09/pdf/2025-06162.pdf,EO14258
https://www.govinfo.gov/content/pkg/FR-2025-02-24/pdf/2025-03064.pdf,EO14216
https://www.govinfo.gov/content/pkg/FR-2025-02-12/pdf/2025-02611.pdf,EO14202
https://www.govinfo.gov/content/pkg/FR-2025-02-12/pdf/2025-02612.pdf,EO14203
https://www.govinfo.gov/content/pkg/FR-2025-02-11/pdf/2025-02512.pdf,EO14200
https://www.govinfo.gov/content/pkg/FR-2025-02-11/pdf/2025-02513.pdf,EO14201
https://www.govinfo.gov/content/pkg/FR-2025-02-10/pdf/2025-02477.pdf,EO14196
https://www.govinfo.gov/content/pkg/FR-2025-02-10/pdf/2025-02479.pdf,EO14198
https://www.govinfo.gov/content/pkg/FR-2025-02-07/pdf/2025-02408.pdf,EO14195
https://www.govinfo.gov/content/pkg/FR-2025-02-14/pdf/2025-02735.pdf,EO14208
https://www.govinfo.gov/content/pkg/FR-2025-02-20/pdf/2025-02928.pdf,EO14213
https://www.govinfo.gov/content/pkg/FR-2025-03-21/pdf/2025-04973.pdf,EO14239
https://www.govinfo.gov/content/pkg/FR-2025-03-27/pdf/2025-05440.pdf,EO14245
https://www.govinfo.gov/content/pkg/FR-2025-03-26/pdf/2025-05291.pdf,EO14244
https://www.govinfo.gov/content/pkg/FR-2025-03-25/pdf/2025-05197.pdf,EO14240
https://www.govinfo.gov/content/pkg/FR-2025-03-25/pdf/2025-05213.pdf,EO14242
https://www.govinfo.gov/content/pkg/FR-2025-03-25/pdf/2025-05214.pdf,EO14243
https://www.govinfo.gov/content/pkg/FR-2025-03-07/pdf/2025-03775.pdf,EO14228
https://www.govinfo.gov/content/pkg/FR-2025-03-06/pdf/2025-03694.pdf,EO14224
https://www.govinfo.gov/content/pkg/FR-2025-03-11/pdf/2025-03989.pdf,EO14230
https://www.govinfo.gov/content/pkg/FR-2025-03-12/pdf/2025-04103.pdf,EO14235
https://www.govinfo.gov/content/pkg/FR-2025-02-25/pdf/2025-03133.pdf,EO14217
https://www.govinfo.gov/content/pkg/FR-2025-02-25/pdf/2025-03137.pdf,EO14218
https://www.govinfo.gov/content/pkg/FR-2025-03-10/pdf/2025-03869.pdf,EO14229
https://www.govinfo.gov/content/pkg/FR-2025-03-28/pdf/2025-05519.pdf,EO14246
https://www.govinfo.gov/content/pkg/FR-2025-03-28/pdf/2025-05522.pdf,EO14247
https://www.govinfo.gov/content/pkg/FR-2025-03-28/pdf/2025-05523.pdf,EO14248
https://www.govinfo.gov/content/pkg/FR-2025-06-18/pdf/2025-11358.pdf,EO14308
https://www.govinfo.gov/content/pkg/FR-2025-04-15/pdf/2025-06459.pdf,EO14264
https://www.govinfo.gov/content/pkg/FR-2025-04-15/pdf/2025-06461.pdf,EO14265
https://www.govinfo.gov/content/pkg/FR-2025-04-15/pdf/2025-06463.pdf,EO14267
https://www.govinfo.gov/content/pkg/FR-2025-04-15/pdf/2025-06464.pdf,EO14268
https://www.govinfo.gov/content/pkg/FR-2025-06-23/pdf/2025-11473.pdf,EO14309
https://www.govinfo.gov/content/pkg/FR-2025-06-24/pdf/2025-11682.pdf,EO14310
https://www.govinfo.gov/content/pkg/FR-2025-05-21/pdf/2025-09297.pdf,EO14298
https://www.govinfo.gov/content/pkg/FR-2025-05-29/pdf/2025-09796.pdf,EO14299
https://www.govinfo.gov/content/pkg/FR-2025-05-29/pdf/2025-09799.pdf,EO14301
https://www.govinfo.gov/content/pkg/FR-2025-05-29/pdf/2025-09802.pdf,EO14303
https://www.govinfo.gov/content/pkg/FR-2025-06-11/pdf/2025-10803.pdf,EO14305
https://www.govinfo.gov/content/pkg/FR-2025-05-02/pdf/2025-07786.pdf,EO14286
https://www.govinfo.gov/content/pkg/FR-2025-05-02/pdf/2025-07790.pdf,EO14288
https://www.govinfo.gov/content/pkg/FR-2025-05-14/pdf/2025-08681.pdf,EO14294
https://www.govinfo.gov/content/pkg/FR-2025-09-09/pdf/2025-17389.pdf,EO14345
https://www.govinfo.gov/content/pkg/FR-2025-08-26/pdf/2025-16396.pdf,EO14338
https://www.govinfo.gov/content/pkg/FR-2025-08-28/pdf/2025-16615.pdf,EO14340
https://www.govinfo.gov/content/pkg/FR-2025-08-28/pdf/2025-16616.pdf,EO14341
https://www.govinfo.gov/content/pkg/FR-2025-08-14/pdf/2025-15554.pdf,EO14334
https://www.govinfo.gov/content/pkg/FR-2025-01-30/pdf/2025-02011.pdf,EO14163
https://www.govinfo.gov/content/pkg/FR-2025-02-12/pdf/2025-02630.pdf,EO14204
https://www.govinfo.gov/content/pkg/FR-2025-05-02/pdf/2025-07835.pdf,EO14289
https://www.govinfo.gov/content/pkg/FR-2025-02-28/pdf/2025-03439.pdf,EO14220
https://www.govinfo.gov/content/pkg/FR-2025-10-06/pdf/2025-19485.pdf,EO14354
https://www.govinfo.gov/content/pkg/FR-2025-10-20/pdf/2025-19614.pdf,EO14356
https://www.govinfo.gov/content/pkg/FR-2025-11-19/pdf/2025-20406.pdf,EO14359
https://www.govinfo.gov/content/pkg/FR-2025-04-07/pdf/2025-06063.pdf,EO14257
https://www.govinfo.gov/content/pkg/FR-2025-11-28/pdf/2025-21664.pdf,EO14362
https://www.govinfo.gov/content/pkg/FR-2025-11-28/pdf/2025-21665.pdf,EO14363
https://www.govinfo.gov/content/pkg/FR-2025-02-18/pdf/2025-02841.pdf,EO14211
https://www.govinfo.gov/content/pkg/FR-2025-09-10/pdf/2025-17508.pdf,EO14347
https://www.govinfo.gov/content/pkg/FR-2025-05-08/pdf/2025-08267.pdf,EO14293
https://www.govinfo.gov/content/pkg/FR-2025-05-15/pdf/2025-08876.pdf,EO14297
https://www.govinfo.gov/content/pkg/FR-2025-05-02/pdf/2025-07789.pdf,EO14287
https://www.govinfo.gov/content/pkg/FR-2025-05-29/pdf/2025-09798.pdf,EO14300
https://www.govinfo.gov/content/pkg/FR-2025-05-29/pdf/2025-09801.pdf,EO14302
https://www.govinfo.gov/content/pkg/FR-2025-04-18/pdf/2025-06837.pdf,EO14273
https://www.govinfo.gov/content/pkg/FR-2025-04-18/pdf/2025-06838.pdf,EO14274
https://www.govinfo.gov/content/pkg/FR-2025-04-18/pdf/2025-06839.pdf,EO14275
https://www.govinfo.gov/content/pkg/FR-2025-04-28/pdf/2025-07376.pdf,EO14279
https://www.govinfo.gov/content/pkg/FR-2025-04-28/pdf/2025-07377.pdf,EO14280
https://www.govinfo.gov/content/pkg/FR-2025-04-29/pdf/2025-07469.pdf,EO14284
https://www.govinfo.gov/content/pkg/FR-2025-04-29/pdf/2025-07470.pdf,EO14285
https://www.govinfo.gov/content/pkg/FR-2025-04-14/pdf/2025-06378.pdf,EO14259
https://www.govinfo.gov/content/pkg/FR-2025-04-14/pdf/2025-06379.pdf,EO14260
https://www.govinfo.gov/content/pkg/FR-2025-04-14/pdf/2025-06380.pdf,EO14261
https://www.govinfo.gov/content/pkg/FR-2025-04-14/pdf/2025-06381.pdf,EO14262
https://www.govinfo.gov/content/pkg/FR-2025-04-15/pdf/2025-06458.pdf,EO14263
https://www.govinfo.gov/content/pkg/FR-2025-04-15/pdf/2025-06462.pdf,EO14266
https://www.govinfo.gov/content/pkg/FR-2025-04-15/pdf/2025-06465.pdf,EO14269
https://www.govinfo.gov/content/pkg/FR-2025-04-15/pdf/2025-06466.pdf,EO14270
https://www.govinfo.gov/content/pkg/FR-2025-04-22/pdf/2025-07062.pdf,EO14276
https://www.govinfo.gov/content/pkg/FR-2025-02-14/pdf/2025-02734.pdf,EO14207
https://www.govinfo.gov/content/pkg/FR-2025-02-14/pdf/2025-02736.pdf,EO14209
https://www.govinfo.gov/content/pkg/FR-2025-02-19/pdf/2025-02871.pdf,EO14212
https://www.govinfo.gov/content/pkg/FR-2025-03-20/pdf/2025-04866.pdf,EO14236
https://www.govinfo.gov/content/pkg/FR-2025-03-20/pdf/2025-04867.pdf,EO14237
https://www.govinfo.gov/content/pkg/FR-2025-03-20/pdf/2025-04868.pdf,EO14238
https://www.govinfo.gov/content/pkg/FR-2025-02-24/pdf/2025-03063.pdf,EO14215
https://www.govinfo.gov/content/pkg/FR-2025-03-11/pdf/2025-03990.pdf,EO14231
https://www.govinfo.gov/content/pkg/FR-2025-03-11/pdf/2025-03991.pdf,EO14232
https://www.govinfo.gov/content/pkg/FR-2025-03-11/pdf/2025-03992.pdf,EO14233
https://www.govinfo.gov/content/pkg/FR-2025-03-12/pdf/2025-04102.pdf,EO14234
https://www.govinfo.gov/content/pkg/FR-2025-03-06/pdf/2025-03693.pdf,EO14223
https://www.govinfo.gov/content/pkg/FR-2025-03-06/pdf/2025-03695.pdf,EO14225
https://www.govinfo.gov/content/pkg/FR-2025-03-06/pdf/2025-03728.pdf,EO14226
https://www.govinfo.gov/content/pkg/FR-2025-03-06/pdf/2025-03729.pdf,EO14227
https://www.govinfo.gov/content/pkg/FR-2025-02-25/pdf/2025-03138.pdf,EO14219
https://www.govinfo.gov/content/pkg/FR-2025-02-10/pdf/2025-02478.pdf,EO14197
https://www.govinfo.gov/content/pkg/FR-2025-02-10/pdf/2025-02504.pdf,EO14199
https://www.govinfo.gov/content/pkg/FR-2025-02-07/pdf/2025-02406.pdf,EO14193
https://www.govinfo.gov/content/pkg/FR-2025-02-07/pdf/2025-02407.pdf,EO14194
https://www.govinfo.gov/content/pkg/FR-2025-02-20/pdf/2025-02931.pdf,EO14214
https://www.govinfo.gov/content/pkg/FR-2025-05-07/pdf/2025-08133.pdf,EO14290
https://www.govinfo.gov/content/pkg/FR-2025-05-07/pdf/2025-08134.pdf,EO14291
https://www.govinfo.gov/content/pkg/FR-2025-05-14/pdf/2025-08682.pdf,EO14295
https://www.govinfo.gov/content/pkg/FR-2025-05-14/pdf/2025-08683.pdf,EO14296
https://www.govinfo.gov/content/pkg/FR-2025-02-03/pdf/2025-02178.pdf,EO14183
https://www.govinfo.gov/content/pkg/FR-2025-02-03/pdf/2025-02180.pdf,EO14184
https://www.govinfo.gov/content/pkg/FR-2025-02-03/pdf/2025-02181.pdf,EO14185
https://www.govinfo.gov/content/pkg/FR-2025-02-03/pdf/2025-02182.pdf,EO14186
https://www.govinfo.gov/content/pkg/FR-2025-02-03/pdf/2025-02194.pdf,EO14187
https://www.govinfo.gov/content/pkg/FR-2025-02-03/pdf/2025-02230.pdf,EO14188
https://www.govinfo.gov/content/pkg/FR-2025-02-03/pdf/2025-02231.pdf,EO14189
https://www.govinfo.gov/content/pkg/FR-2025-01-31/pdf/2025-02095.pdf,EO14171
https://www.govinfo.gov/content/pkg/FR-2025-01-31/pdf/2025-02096.pdf,EO14172
https://www.govinfo.gov/content/pkg/FR-2025-01-31/pdf/2025-02103.pdf,EO14175
https://www.govinfo.gov/content/pkg/FR-2025-01-31/pdf/2025-02116.pdf,EO14176
https://www.govinfo.gov/content/pkg/FR-2025-01-31/pdf/2025-02123.pdf,EO14178
https://www.govinfo.gov/content/pkg/FR-2025-01-31/pdf/2025-02173.pdf,EO14180
https://www.govinfo.gov/content/pkg/FR-2025-01-31/pdf/2025-02174.pdf,EO14181
https://www.govinfo.gov/content/pkg/FR-2025-01-31/pdf/2025-02175.pdf,EO14182
https://www.govinfo.gov/content/pkg/FR-2025-02-12/pdf/2025-02635.pdf,EO14205
https://www.govinfo.gov/content/pkg/FR-2025-02-12/pdf/2025-02636.pdf,EO14206
https://www.govinfo.gov/content/pkg/FR-2025-02-06/pdf/2025-02345.pdf,EO14192
https://www.govinfo.gov/content/pkg/FR-2025-01-30/pdf/2025-02087.pdf,EO14166
https://www.govinfo.gov/content/pkg/FR-2025-01-30/pdf/2025-02091.pdf,EO14169
https://www.govinfo.gov/content/pkg/FR-2025-01-28/pdf/2025-01900.pdf,EO14147
https://www.govinfo.gov/content/pkg/FR-2025-01-28/pdf/2025-01901.pdf,EO14148
https://www.govinfo.gov/content/pkg/FR-2025-07-23/pdf/2025-13925.pdf,EO14317
https://www.govinfo.gov/content/pkg/FR-2025-01-29/pdf/2025-01952.pdf,EO14150
https://www.govinfo.gov/content/pkg/FR-2025-01-29/pdf/2025-01954.pdf,EO14152
https://www.govinfo.gov/content/pkg/FR-2025-01-29/pdf/2025-01956.pdf,EO14154
https://www.govinfo.gov/content/pkg/FR-2025-01-29/pdf/2025-01957.pdf,EO14155
https://www.govinfo.gov/content/pkg/FR-2025-01-29/pdf/2025-02004.pdf,EO14157
https://www.govinfo.gov/content/pkg/FR-2025-01-29/pdf/2025-02005.pdf,EO14158
https://www.govinfo.gov/content/pkg/FR-2025-01-29/pdf/2025-02006.pdf,EO14159
https://www.govinfo.gov/content/pkg/FR-2025-09-23/pdf/2025-18479.pdf,EO14349
https://www.govinfo.gov/content/pkg/FR-2025-09-23/pdf/2025-18482.pdf,EO14350
https://www.govinfo.gov/content/pkg/FR-2025-09-24/pdf/2025-18602.pdf,EO14351
https://www.govinfo.gov/content/pkg/FR-2025-07-28/pdf/2025-14212.pdf,EO14318
https://www.govinfo.gov/content/pkg/FR-2025-07-29/pdf/2025-14392.pdf,EO14322
https://www.govinfo.gov/content/pkg/FR-2025-08-11/pdf/2025-15267.pdf,EO14329
https://www.govinfo.gov/content/pkg/FR-2025-08-12/pdf/2025-15340.pdf,EO14330
https://www.govinfo.gov/content/pkg/FR-2025-08-12/pdf/2025-15341.pdf,EO14331
https://www.govinfo.gov/content/pkg/FR-2025-08-12/pdf/2025-15344.pdf,EO14332
https://www.govinfo.gov/content/pkg/FR-2025-08-19/pdf/2025-15823.pdf,EO14336
https://www.govinfo.gov/content/pkg/FR-2025-06-11/pdf/2025-10800.pdf,EO14304
https://www.govinfo.gov/content/pkg/FR-2025-06-11/pdf/2025-10804.pdf,EO14306
https://www.govinfo.gov/content/pkg/FR-2025-06-11/pdf/2025-10814.pdf,EO14307
https://www.govinfo.gov/content/pkg/FR-2025-09-03/pdf/2025-16924.pdf,EO14343
https://www.govinfo.gov/content/pkg/FR-2025-09-03/pdf/2025-16928.pdf,EO14344
https://www.govinfo.gov/content/pkg/FR-2025-08-28/pdf/2025-16614.pdf,EO14339
https://www.govinfo.gov/content/pkg/FR-2025-08-28/pdf/2025-16618.pdf,EO14342
https://www.govinfo.gov/content/pkg/FR-2025-08-14/pdf/2025-15550.pdf,EO14333
https://www.govinfo.gov/content/pkg/FR-2025-02-28/pdf/2025-03440.pdf,EO14221
https://www.govinfo.gov/content/pkg/FR-2025-03-03/pdf/2025-03527.pdf,EO14222
https://www.govinfo.gov/content/pkg/FR-2025-03-28/pdf/2025-05524.pdf,EO14249
https://www.govinfo.gov/content/pkg/FR-2025-03-25/pdf/2025-05212.pdf,EO14241
https://www.govinfo.gov/content/pkg/FR-2025-04-07/pdf/2025-06027.pdf,EO14256
https://www.govinfo.gov/content/pkg/FR-2025-04-03/pdf/2025-05845.pdf,EO14250
https://www.govinfo.gov/content/pkg/FR-2025-04-03/pdf/2025-05836.pdf,EO14251
https://www.govinfo.gov/content/pkg/FR-2025-04-03/pdf/2025-05837.pdf,EO14252
https://www.govinfo.gov/content/pkg/FR-2025-04-03/pdf/2025-05838.pdf,EO14253
https://www.govinfo.gov/content/pkg/FR-2025-04-03/pdf/2025-05906.pdf,EO14254
https://www.govinfo.gov/content/pkg/FR-2025-07-03/pdf/2025-12505.pdf,EO14311
https://www.govinfo.gov/content/pkg/FR-2025-07-10/pdf/2025-12961.pdf,EO14315
https://www.govinfo.gov/content/pkg/FR-2025-01-30/pdf/2025-02094.pdf,EO14170
https://www.govinfo.gov/content/pkg/FR-2025-02-14/pdf/2025-02762.pdf,EO14210
https://www.govinfo.gov/content/pkg/FR-2025-01-30/pdf/2025-02009.pdf,EO14161
https://www.govinfo.gov/content/pkg/FR-2025-08-05/pdf/2025-14897.pdf,EO14324
https://www.govinfo.gov/content/pkg/FR-2025-10-06/pdf/2025-19483.pdf,EO14353
https://www.govinfo.gov/content/pkg/FR-2025-10-07/pdf/2025-19495.pdf,EO14355
https://www.govinfo.gov/content/pkg/FR-2025-11-07/pdf/2025-19825.pdf,EO14357
https://www.govinfo.gov/content/pkg/FR-2025-11-07/pdf/2025-19826.pdf,EO14358
https://www.govinfo.gov/content/pkg/FR-2025-09-30/pdf/2025-19139.pdf,EO14352
https://www.govinfo.gov/content/pkg/FR-2025-09-10/pdf/2025-17507.pdf,EO14346
https://www.govinfo.gov/content/pkg/FR-2025-11-25/pdf/2025-21203.pdf,EO14360
https://www.govinfo.gov/content/pkg/FR-2025-11-26/pdf/2025-21417.pdf,EO14361
https://www.govinfo.gov/content/pkg/FR-2025-08-05/pdf/2025-14896.pdf,EO14323
